<?xml version="1.0" ?>

<server xmlns="urn:jboss:domain:8.0">
    <extensions>
        <extension module="org.jboss.as.clustering.infinispan"/>
        <extension module="org.jboss.as.connector"/>
        <extension module="org.jboss.as.deployment-scanner"/>
        <extension module="org.jboss.as.ee"/>
        <extension module="org.jboss.as.ejb3"/>
        <extension module="org.jboss.as.jmx"/>
        <extension module="org.jboss.as.jpa"/>
        <extension module="org.jboss.as.weld"/>
        <extension module="org.jboss.as.logging"/>
        <extension module="org.jboss.as.mail"/>
        <extension module="org.jboss.as.naming"/>
        <extension module="org.jboss.as.remoting"/>
        <extension module="org.jboss.as.sar"/>
        <extension module="org.jboss.as.security"/>
        <extension module="org.wildfly.extension.security.manager"/>
        <extension module="org.jboss.as.transactions"/>
        <extension module="org.wildfly.extension.bean-validation"/>
        <extension module="org.wildfly.extension.discovery"/>
        <extension module="org.wildfly.extension.ee-security"/>
        <extension module="org.wildfly.extension.io"/>
        <extension module="org.wildfly.extension.messaging-activemq"/>
        <extension module="org.wildfly.extension.undertow"/>
        <extension module="org.wildfly.extension.elytron"/>
    </extensions>
    <system-properties>
        <property name="com.arjuna.ats.arjuna.allowMultipleLastResources" value="true"/>
        <property name="spring.config.additional-location" value="file:${jboss.home.dir}/standalone/configuration/"/>
        <property name="spring.datasource.jndi-name" value="java:/DataSource"/>
        <property name="spring.jpa.hibernate.ddl-auto" value="update"/>
        <!-- for DASHBOARD: uncomment suitable database, dialect and schema block  -->
        <!-- Oracle SQL -->
        <!--
        <property name="spring.jpa.database" value="oracle"/>
        <property name="spring.jpa.hibernate.dialect" value="org.hibernate.dialect.Oracle10gDialect"/>
        <property name="aconso.process.management.schema" value="DASHBOARD"/>
        -->
        <!-- PostgreSQL -->
        <!--
        <property name="spring.jpa.database" value="postgresql"/>
        <property name="spring.jpa.hibernate.dialect" value="org.hibernate.dialect.PostgreSQLDialect"/>
        <property name="aconso.process.management.schema" value="dashboard"/>
        -->
        <!-- Microsoft SQL -->
        
        <property name="spring.jpa.database" value="sql_server"/>
        <property name="spring.jpa.hibernate.dialect" value="org.hibernate.dialect.SQLServer2008Dialect"/>
        <property name="aconso.process.management.schema" value="dashboard"/>
        
        <!-- MySQL -->
        <!--
        <property name="spring.jpa.database" value="mysql"/>
        <property name="spring.jpa.hibernate.dialect" value="org.hibernate.dialect.MySQL5InnoDBDialect"/>
        <property name="aconso.process.management.schema" value="dashboard"/>
        -->
        <property name="aconso.process.management.max.upload.size" value="20971520"/>
        <property name="jboss.as.management.blocking.timeout" value="600"/>
    </system-properties>
    <management>
        <security-realms>
            <security-realm name="AconsoRemoteServerRealm">
                <authentication>
                    <local default-user="$local" skip-group-loading="true"/>
                </authentication>
            </security-realm>
        </security-realms>
    </management>
    <profile>
        <subsystem xmlns="urn:jboss:domain:logging:6.0">
            <use-deployment-logging-config value="false"/>
            <console-handler name="CONSOLE" autoflush="true">
                <level name="INFO"/>
                <formatter>
                    <named-formatter name="COLOR-PATTERN"/>
                </formatter>
                <!--filter-spec value="not(match(&quot;.*Warnung:  Die Codierung 'UTF-8' wird von Java Runtime nicht unterstützt.*|.*not supported, using UTF-8.*&quot;))"/-->
            </console-handler>
            <size-rotating-file-handler name="FILE" autoflush="true">
                <formatter>
                    <named-formatter name="PATTERN"/>
                </formatter>
                <!--filter-spec value="not(match(&quot;.*Warnung:  Die Codierung 'UTF-8' wird von Java Runtime nicht unterstützt.*|.*not supported, using UTF-8.*&quot;))"/-->
                <file path="${aconso.log.dir}/server.log"/>
                <rotate-size value="10240k"/>
                <max-backup-index value="9"/>
                <append value="true"/>
            </size-rotating-file-handler>
            <size-rotating-file-handler name="SCHEDULER" autoflush="true">
                <formatter>
                    <named-formatter name="PATTERN"/>
                </formatter>
                <file path="${aconso.log.dir}/scheduler.log"/>
                <rotate-size value="10240k"/>
                <max-backup-index value="9"/>
                <append value="true"/>
            </size-rotating-file-handler>
            <size-rotating-file-handler name="DATASOURCE" autoflush="true">
                <formatter>
                    <named-formatter name="PATTERN"/>
                </formatter>
                <file path="${aconso.log.dir}/datasource.log"/>
                <rotate-size value="10240k"/>
                <max-backup-index value="9"/>
                <append value="true"/>
            </size-rotating-file-handler>
            <size-rotating-file-handler name="DATASOURCE_INMEM" autoflush="true">
                <formatter>
                    <named-formatter name="PATTERN"/>
                </formatter>
                <file path="${aconso.log.dir}/datasource_inmem.log"/>
                <rotate-size value="10240k"/>
                <max-backup-index value="9"/>
                <append value="true"/>
            </size-rotating-file-handler>
            <size-rotating-file-handler name="LICENCE" autoflush="true">
                <formatter>
                    <named-formatter name="PATTERN"/>
                </formatter>
                <file path="${aconso.log.dir}/licence.log"/>
                <rotate-size value="10240k"/>
                <max-backup-index value="9"/>
                <append value="true"/>
            </size-rotating-file-handler>
            <size-rotating-file-handler name="SERVICES" autoflush="true">
                <formatter>
                    <named-formatter name="PATTERN"/>
                </formatter>
                <file path="${aconso.log.dir}/services.log"/>
                <rotate-size value="10240k"/>
                <max-backup-index value="9"/>
                <append value="true"/>
            </size-rotating-file-handler>
            <size-rotating-file-handler name="SERIALLETTER" autoflush="true">
                <formatter>
                    <named-formatter name="PATTERN"/>
                </formatter>
                <file path="${aconso.log.dir}/serialletter.log"/>
                <rotate-size value="10240k"/>
                <max-backup-index value="9"/>
                <append value="true"/>
            </size-rotating-file-handler>
            <size-rotating-file-handler name="DEBUG_ERROR" autoflush="true">
                <formatter>
                    <named-formatter name="PATTERN"/>
                </formatter>
                <file path="${aconso.log.dir}/debugError.log"/>
                <rotate-size value="10240k"/>
                <max-backup-index value="9"/>
                <append value="true"/>
            </size-rotating-file-handler>
            <size-rotating-file-handler name="RESOURCE" autoflush="true">
                <formatter>
                    <named-formatter name="PATTERN"/>
                </formatter>
                <file path="${aconso.log.dir}/resource.log"/>
                <rotate-size value="10240k"/>
                <max-backup-index value="9"/>
                <append value="true"/>
            </size-rotating-file-handler>
            <size-rotating-file-handler name="RESOURCE_ERROR" autoflush="true">
                <formatter>
                    <named-formatter name="PATTERN"/>
                </formatter>
                <file path="${aconso.log.dir}/resourceError.log"/>
                <rotate-size value="10240k"/>
                <max-backup-index value="9"/>
                <append value="true"/>
            </size-rotating-file-handler>
            <size-rotating-file-handler name="STATISTICS" autoflush="true">
                <formatter>
                    <named-formatter name="PATTERN"/>
                </formatter>
                <file path="${aconso.log.dir}/statistics.log"/>
                <rotate-size value="10240k"/>
                <max-backup-index value="9"/>
                <append value="true"/>
            </size-rotating-file-handler>
            <size-rotating-file-handler name="DEBUGLOG" autoflush="true">
                <formatter>
                    <named-formatter name="PATTERN"/>
                </formatter>
                <file path="${aconso.log.dir}/debug.log"/>
                <rotate-size value="10240k"/>
                <max-backup-index value="9"/>
                <append value="true"/>
            </size-rotating-file-handler>
            <size-rotating-file-handler name="CREATOR" autoflush="true">
                <formatter>
                    <named-formatter name="PATTERN"/>
                </formatter>
                <file path="${aconso.log.dir}/creator.log"/>
                <rotate-size value="10240k"/>
                <max-backup-index value="9"/>
                <append value="true"/>
            </size-rotating-file-handler>
            <size-rotating-file-handler name="SAPCONNECTOR" autoflush="true">
                <formatter>
                    <named-formatter name="PATTERN"/>
                </formatter>
                <file path="${aconso.log.dir}/sapconnector.log"/>
                <rotate-size value="10240k"/>
                <max-backup-index value="9"/>
                <append value="true"/>
            </size-rotating-file-handler>
            <size-rotating-file-handler name="IMPORTLOG" autoflush="true">
                <formatter>
                    <named-formatter name="PATTERN"/>
                </formatter>
                <file path="${aconso.log.dir}/import.log"/>
                <rotate-size value="10240k"/>
                <max-backup-index value="9"/>
                <append value="true"/>
            </size-rotating-file-handler>
            <size-rotating-file-handler name="AUTOCREATED_STATEMENTS" autoflush="true">
                <formatter>
                    <named-formatter name="PATTERN"/>
                </formatter>
                <file path="${aconso.log.dir}/autocreated_statements.log"/>
                <rotate-size value="10240k"/>
                <max-backup-index value="9"/>
                <append value="true"/>
            </size-rotating-file-handler>
            <size-rotating-file-handler name="AJAX" autoflush="true">
                <formatter>
                    <named-formatter name="PATTERN"/>
                </formatter>
                <file path="${aconso.log.dir}/ajax.log"/>
                <rotate-size value="10240k"/>
                <max-backup-index value="9"/>
                <append value="true"/>
            </size-rotating-file-handler>
            <size-rotating-file-handler name="CAS" autoflush="true">
                <formatter>
                    <named-formatter name="PATTERN"/>
                </formatter>
                <file path="${aconso.log.dir}/cas.log"/>
                <rotate-size value="10240k"/>
                <max-backup-index value="9"/>
                <append value="true"/>
            </size-rotating-file-handler>
            <size-rotating-file-handler name="ASPOSESERVICE" autoflush="true">
                <formatter>
                    <named-formatter name="PATTERN"/>
                </formatter>
                <file path="${aconso.log.dir}/asposeService.log"/>
                <rotate-size value="10240k"/>
                <max-backup-index value="9"/>
                <append value="true"/>
            </size-rotating-file-handler>
            <logger category="org.jasig" use-parent-handlers="false">
                <level name="INFO"/>
                <handlers>
                    <handler name="CAS"/>
                </handlers>
            </logger>
            <!--logger category="org.jboss.as.ejb3" use-parent-handlers="false">
                <level name="INFO"/>
                <handlers>
                    <handler name="CONSOLE"/>
                </handlers>
            </logger>
            <logger category="org.hibernate.SQL" use-parent-handlers="false">
                <level name="ERROR"/>
                <handlers>
                    <handler name="CONSOLE"/>
                </handlers>
            </logger>
            <logger category="org.hibernate.type" use-parent-handlers="false">
                <level name="ERROR"/>
                <handlers>
                    <handler name="CONSOLE"/>
                </handlers>
            </logger-->
			<logger category="org.apereo" use-parent-handlers="false">
                <level name="INFO"/>
                <handlers>
                    <handler name="CAS"/>
                </handlers>
            </logger>
            <logger category="aconso.server.resource.DBResourceAccessChecklist" use-parent-handlers="false">
                <level name="INFO"/>
                <handlers>
                    <handler name="DATASOURCE"/>
                </handlers>
            </logger>
            <logger category="aconso.server.resource.DataSource" use-parent-handlers="false">
                <level name="INFO"/>
                <handlers>
                    <handler name="DATASOURCE"/>
                </handlers>
            </logger>
            <logger category="aconso.server.resource.InMemoryDataSource" use-parent-handlers="false">
              <level name="INFO"/>
              <handlers>
                 <handler name="DATASOURCE_INMEM"/>
               </handlers>
           </logger>
            <logger category="aconso.server.Scheduler" use-parent-handlers="false">
                <level name="INFO"/>
                <handlers>
                    <handler name="SCHEDULER"/>
                </handlers>
            </logger>
            <logger category="aconso.server.LicenceManager" use-parent-handlers="false">
                <level name="INFO"/>
                <handlers>
                    <handler name="LICENCE"/>
                </handlers>
            </logger>
            <logger category="aconso.services.SerialLetter" use-parent-handlers="false">
                <level name="INFO"/>
                <handlers>
                    <handler name="SERIALLETTER"/>
                </handlers>
            </logger>
            <logger category="aconso.services" use-parent-handlers="false">
                <level name="WARN"/>
                <handlers>
                    <handler name="SERVICES"/>
                </handlers>
            </logger>
            <logger category="com.aconso.framework.services" use-parent-handlers="false">
                <level name="WARN"/>
                <handlers>
                    <handler name="SERVICES"/>
                </handlers>
            </logger>
            <logger category="aconso.debugError" use-parent-handlers="false">
                <level name="INFO"/>
                <handlers>
                    <handler name="DEBUG_ERROR"/>
                </handlers>
            </logger>
            <logger category="aconso.resource" use-parent-handlers="false">
                <level name="WARN"/>
                <handlers>
                    <handler name="RESOURCE"/>
                </handlers>
            </logger>
            <logger category="aconso.resource.specific" use-parent-handlers="false">
                <level name="WARN"/>
                <handlers>
                    <handler name="RESOURCE_ERROR"/>
                </handlers>
            </logger>
            <logger category="aconso.services.StatisticService" use-parent-handlers="false">
                <level name="WARN"/>
                <handlers>
                    <handler name="STATISTICS"/>
                </handlers>
            </logger>
            <logger category="org.directwebremoting" use-parent-handlers="false">
                <level name="WARN"/>
                <handlers>
                    <handler name="AJAX"/>
                </handlers>
            </logger>
            <logger category="aconso.server.resource.autocreated" use-parent-handlers="false">
                <level name="INFO"/>
                <handlers>
                    <handler name="AUTOCREATED_STATEMENTS"/>
                </handlers>
            </logger>
            <logger category="aconso.creator" use-parent-handlers="false">
                <level name="WARN"/>
                <handlers>
                    <handler name="CREATOR"/>
                </handlers>
            </logger>
            <logger category="aconso.server.AconsoImportManager" use-parent-handlers="false">
                <level name="INFO"/>
                <handlers>
                    <handler name="IMPORTLOG"/>
                </handlers>
            </logger>
            <logger category="com.aconso.sapinterop" use-parent-handlers="false">
                <level name="WARN"/>
                <handlers>
                    <handler name="SAPCONNECTOR"/>
                </handlers>
            </logger>
            <logger category="com.aconso.applications.shared.archive.server.sapinterop" use-parent-handlers="false">
                <level name="WARN"/>
                <handlers>
                    <handler name="SAPCONNECTOR"/>
                </handlers>
            </logger>
            <logger category="aconso.debug" use-parent-handlers="false">
                <level name="WARN"/>
                <handlers>
                    <handler name="DEBUGLOG"/>
                </handlers>
            </logger>
            <logger category="com.aconso.service.aspose" use-parent-handlers="false">
                <level name="INFO"/>
                <handlers>
                    <handler name="ASPOSESERVICE"/>
                </handlers>
            </logger>
            <logger category="freemarker" use-parent-handlers="false">
                <level name="FATAL"/>
                <handlers>
                    <handler name="CREATOR"/>
                </handlers>
            </logger>
            <logger category="aconso.server.resource.autocreated.InMemoryDataSource" use-parent-handlers="false">
              <level name="WARN"/>
              <handlers>
                <handler name="DATASOURCE_INMEM"/>
              </handlers>
            </logger>
            <logger category="aconso.cache.document" use-parent-handlers="false">
              <level name="WARN"/>
            </logger>
			<!-- ToDo: remove use-parent-handlers-Attribute? Otherwise no logging anywhere -->
            <logger category="aconso.cache.template" use-parent-handlers="false">
              <level name="WARN"/>
            </logger>
            <logger category="org.springframework.security.web.csrf.CsrfFilter">
              <level name="DEBUG"/>
            </logger>
            <logger category="org.hibernate.engine.jdbc.spi.SqlExceptionHelper" use-parent-handlers="false"> 
              <level name="ERROR"/> 
            </logger>
            <logger category="org.hibernate.engine.StatefulPersistenceContext.ProxyWarnLog">
                <level name="ERROR"/>
            </logger>
            <logger category="org.hibernate.type.descriptor.sql.BasicExtractor">
                <level name="ERROR"/>
            </logger>
            <logger category="org.apache">
                <level name="INFO"/>
            </logger>
            <logger category="jacorb">
                <level name="WARN"/>
            </logger>
            <logger category="javax.enterprise.resource.webcontainer.jsf">
                <level name="INFO"/>
            </logger>
            <logger category="org.jgroups">
                <level name="WARN"/>
            </logger>
            <logger category="org.quartz">
                <level name="INFO"/>
            </logger>
            <logger category="com.sun">
                <level name="INFO"/>
            </logger>
            <logger category="sun">
                <level name="INFO"/>
            </logger>
            <logger category="javax.xml.bind">
                <level name="INFO"/>
            </logger>
            <logger category="org.springframework">
                <level name="WARN"/>
            </logger>
            <logger category="org.hibernate.ejb.Ejb3Configuration">
                <level name="ERROR"/>
            </logger>
            <logger category="com.arjuna.ats">
                <level name="INFO"/>
            </logger>
            <logger category="org.jboss.weld">
                <level name="WARN"/>
            </logger>
            <logger category="org.jboss.management">
                <level name="INFO"/>
            </logger>
            <logger category="facelets.compiler">
                <level name="WARN"/>
            </logger>
            <logger category="org.jboss.serial">
                <level name="INFO"/>
            </logger>
            <logger category="org.mc4j">
                <level name="WARN"/>
            </logger>
            <logger category="org.rhq.plugins.jbossas5.ApplicationServerComponent">
                <level name="FATAL"/>
            </logger>
            <logger category="org.jboss.as.controller.management-operation">
                <level name="INFO"/>
                <handlers>
                    <handler name="CONSOLE"/>
                </handlers>
            </logger>
            <root-logger>
                <level name="INFO"/>
                <handlers>
                    <handler name="CONSOLE"/>
                    <handler name="FILE"/>
                </handlers>
            </root-logger>
            <formatter name="PATTERN">
                <pattern-formatter pattern="%d{yyyy-MM-dd HH:mm:ss,SSS} %-5p [%c] %s%E%n"/>
            </formatter>
            <formatter name="COLOR-PATTERN">
                <pattern-formatter pattern="%K{level}%d{HH:mm:ss,SSS} %-5p [%c] %s%E%n"/>
            </formatter>
            <formatter name="CUSTOM-PATTERN">
                <pattern-formatter pattern="%d %-5p [%c] %m%n"/>
            </formatter>
            <formatter name="CONSOLE-PATTERN">
                <pattern-formatter pattern="%d{HH:mm:ss.SSS} %-5p [%c] %m%n"/>
            </formatter>
        </subsystem>
        <subsystem xmlns="urn:jboss:domain:bean-validation:1.0"/>
        <subsystem xmlns="urn:jboss:domain:datasources:5.0">
            <datasources>
                <!-- Oracle SQL -->
                <!-- 
                <datasource jta="true" jndi-name="java:/DataSource" pool-name="DataSource" enabled="true" use-java-context="true" use-ccm="true" statistics-enabled="true">
                    <connection-url>jdbc:oracle:thin:@localhost:1521:aconso</connection-url>
                    <driver>databaseDriver</driver>
                    <pool>
                        <min-pool-size>0</min-pool-size>
                        <max-pool-size>50</max-pool-size>
                    </pool>
                    <security>
                        <security-domain>aconsoDbRealm</security-domain>
                    </security>
                    <validation>
                        <check-valid-connection-sql>select 1 from dual</check-valid-connection-sql>
                        <validate-on-match>true</validate-on-match>
                        <background-validation>true</background-validation>
                        <background-validation-millis>10000</background-validation-millis>
                    </validation>
                </datasource>
                -->
                <!-- PostgreSQL -->
                <!--
                <datasource jta="true" jndi-name="java:/DataSource" pool-name="DataSource" enabled="true" use-java-context="true" use-ccm="true" statistics-enabled="true">
                    <connection-url>jdbc:postgresql://localhost/aconso</connection-url>
                    <driver>databaseDriver</driver>
                    <pool>
                        <min-pool-size>0</min-pool-size>
                        <max-pool-size>50</max-pool-size>
                    </pool>
                    <security>
                        <security-domain>aconsoDbRealm</security-domain>
                    </security>
                    <validation>
                        <check-valid-connection-sql>select 1</check-valid-connection-sql>
                        <validate-on-match>true</validate-on-match>
                        <background-validation>true</background-validation>
                        <background-validation-millis>10000</background-validation-millis>
                    </validation>
                </datasource>
                -->
                <!-- Microsoft SQL -->
                <!-- <DO NOT USE jtds Driver WITH DASHBOARD! <connection-url>jdbc:jtds:sqlserver://localhost:1433/aconso</connection-url> -->
                
                <datasource jta="true" jndi-name="java:/DataSource" pool-name="DataSource" enabled="true" use-java-context="true" use-ccm="true" statistics-enabled="true">
                    <connection-url>jdbc:sqlserver://CH-SQLPWV024:1433;DatabaseName=aconso</connection-url>
                    <driver>databaseDriver</driver>
                    <pool>
                        <min-pool-size>0</min-pool-size>
                        <max-pool-size>50</max-pool-size>
                    </pool>
                    <security>
                        <security-domain>aconsoDbRealm</security-domain>
                    </security>
                    <validation>
                        <check-valid-connection-sql>select 1</check-valid-connection-sql>
                        <validate-on-match>true</validate-on-match>
                        <background-validation>true</background-validation>
                        <background-validation-millis>10000</background-validation-millis>
                    </validation>
                </datasource>
                   
                <!-- MySQL -->
                <!--
                <datasource jta="true" jndi-name="java:/DataSource" pool-name="DataSource" enabled="true" use-java-context="true" use-ccm="true" statistics-enabled="true">
                    <connection-url>jdbc:mysql://localhost:3306/aconso</connection-url>
                    <driver>databaseDriver</driver>
                    <pool>
                        <min-pool-size>0</min-pool-size>
                        <max-pool-size>50</max-pool-size>
                    </pool>
                    <security>
                        <security-domain>aconsoDbRealm</security-domain>
                    </security>
                    <validation>
                        <check-valid-connection-sql>select 1 from dual</check-valid-connection-sql>
                        <validate-on-match>true</validate-on-match>
                        <background-validation>true</background-validation>
                        <background-validation-millis>10000</background-validation-millis>
                    </validation>
                </datasource>
                -->
                <datasource enabled="true" jndi-name="java:/InMemoryDataSource" jta="true" pool-name="InMemoryDataSource" statistics-enabled="true" use-ccm="true" use-java-context="true">
                    <connection-url>jdbc:h2:mem:aconso;INIT=CREATE SCHEMA IF NOT EXISTS ACONSO;DB_CLOSE_DELAY=-1;DB_CLOSE_ON_EXIT=FALSE</connection-url>
                    <driver>h2</driver>
                    <pool>
                        <min-pool-size>0</min-pool-size>
                        <max-pool-size>50</max-pool-size>
                    </pool>
                    <security>
                        <user-name>sa</user-name>
                        <password>sa</password>
                    </security>
                    <statement>
                        <track-statements>NOWARN</track-statements>
                        <prepared-statement-cache-size>32</prepared-statement-cache-size>
                        <share-prepared-statements>true</share-prepared-statements>
                    </statement>
                </datasource>
                <!-- Oracle SQL -->
		<!--
                <datasource jta="true" jndi-name="java:/ProcessManagementDataSource" pool-name="ProcessManagementDataSource" enabled="true" use-java-context="true" use-ccm="true" statistics-enabled="true">
                    <connection-url>jdbc:oracle:thin:@localhost:1521:aconso</connection-url>
                    <driver>databaseDriver</driver>
                    <pool>
                        <min-pool-size>0</min-pool-size>
                        <max-pool-size>50</max-pool-size>
                    </pool>
                    <security>
                        <security-domain>DashboardRealm</security-domain>
                    </security>
                    <validation>
                        <check-valid-connection-sql>select 1 from dual</check-valid-connection-sql>
                        <validate-on-match>true</validate-on-match>
                        <background-validation>true</background-validation>
                        <background-validation-millis>10000</background-validation-millis>
                    </validation>
                </datasource>
		-->        
                <!-- PostgreSQL -->
				<!--
                <datasource jta="true" jndi-name="java:/ProcessManagementDataSource" pool-name="ProcessManagementDataSource" enabled="true" use-java-context="true" use-ccm="true" statistics-enabled="true">
                    <connection-url>jdbc:postgresql://localhost/aconso</connection-url>
                    <driver>databaseDriver</driver>
                    <pool>
                        <min-pool-size>0</min-pool-size>
                        <max-pool-size>50</max-pool-size>
                    </pool>
                    <security>
                        <security-domain>DashboardRealm</security-domain>
                    </security>
                    <validation>
                        <check-valid-connection-sql>select 1</check-valid-connection-sql>
                        <validate-on-match>true</validate-on-match>
                        <background-validation>true</background-validation>
                        <background-validation-millis>10000</background-validation-millis>
                    </validation>
                </datasource>
				-->
                <!-- Microsoft SQL -->
                <!-- <DO NOT USE jtds Driver WITH DASHBOARD! <connection-url>jdbc:jtds:sqlserver://localhost:1433/aconso</connection-url> -->
                
				<datasource jta="true" jndi-name="java:/ProcessManagementDataSource" pool-name="ProcessManagementDataSource" enabled="true" use-java-context="true" use-ccm="true" statistics-enabled="true">
                    <connection-url>jdbc:sqlserver://CH-SQLPWV024:1433;DatabaseName=aconso</connection-url>
                    <driver>databaseDriver</driver>
                    <pool>
                        <min-pool-size>0</min-pool-size>
                        <max-pool-size>50</max-pool-size>
                    </pool>
                    <security>
                        <security-domain>DashboardRealm</security-domain>
                    </security>
                    <validation>
                        <check-valid-connection-sql>select 1</check-valid-connection-sql>
                        <validate-on-match>true</validate-on-match>
                        <background-validation>true</background-validation>
                        <background-validation-millis>10000</background-validation-millis>
                    </validation>
                </datasource>
				
                <!-- MySQL -->
                <!--
				<datasource jta="true" jndi-name="java:/ProcessManagementDataSource" pool-name="ProcessManagementDataSource" enabled="true" use-java-context="true" use-ccm="true" statistics-enabled="true">
                    <connection-url>jdbc:mysql://localhost:3306/dashboard</connection-url>
                    <driver>databaseDriver</driver>
                    <pool>
                        <min-pool-size>0</min-pool-size>
                        <max-pool-size>50</max-pool-size>
                    </pool>
                    <security>
                        <security-domain>DashboardRealm</security-domain>
                    </security>
                    <validation>
                        <check-valid-connection-sql>select 1 from dual</check-valid-connection-sql>
                        <validate-on-match>true</validate-on-match>
                        <background-validation>true</background-validation>
                        <background-validation-millis>10000</background-validation-millis>
                    </validation>
                </datasource>
				-->
                <drivers>
                    <driver name="h2" module="com.h2database.h2">
                        <driver-class>org.h2.Driver</driver-class>
                    </driver>
                    <driver name="databaseDriver" module="com.aconso.database">
                        <!-- <driver-class>oracle.jdbc.driver.OracleDriver</driver-class> -->
                        <!-- <DO NOT USE jtds Driver WITH DASHBOARD! <driver-class>net.sourceforge.jtds.jdbc.Driver</driver-class> -->
                        <driver-class>com.microsoft.sqlserver.jdbc.SQLServerDriver</driver-class>
                        <!-- <driver-class>org.postgresql.Driver</driver-class> -->
                        <!-- <driver-class>com.mysql.jdbc.Driver</driver-class> -->
                    </driver>
                </drivers>
            </datasources>
        </subsystem>
        <subsystem xmlns="urn:jboss:domain:deployment-scanner:2.0">
            <deployment-scanner path="deployments" relative-to="jboss.server.base.dir" scan-interval="5000" auto-deploy-exploded="true" runtime-failure-causes-rollback="${jboss.deployment.scanner.rollback.on.failure:false}"/>
            <deployment-scanner name="aconsoConf" path="${aconso.dir}/conf" scan-interval="5000" auto-deploy-exploded="true" runtime-failure-causes-rollback="${jboss.deployment.scanner.rollback.on.failure:false}"/>
        </subsystem>
        <subsystem xmlns="urn:jboss:domain:discovery:1.0"/>
        <subsystem xmlns="urn:jboss:domain:ee:4.0">
            <spec-descriptor-property-replacement>false</spec-descriptor-property-replacement>
            <jboss-descriptor-property-replacement>true</jboss-descriptor-property-replacement>
            <concurrent>
                <context-services>
                    <context-service name="default" jndi-name="java:jboss/ee/concurrency/context/default" use-transaction-setup-provider="true"/>
                </context-services>
                <managed-thread-factories>
                    <managed-thread-factory name="default" jndi-name="java:jboss/ee/concurrency/factory/default" context-service="default"/>
                </managed-thread-factories>
                <managed-executor-services>
                    <managed-executor-service name="default" jndi-name="java:jboss/ee/concurrency/executor/default" context-service="default" hung-task-threshold="60000" keepalive-time="5000"/>
                </managed-executor-services>
                <managed-scheduled-executor-services>
                    <managed-scheduled-executor-service name="default" jndi-name="java:jboss/ee/concurrency/scheduler/default" context-service="default" hung-task-threshold="60000" keepalive-time="3000"/>
                </managed-scheduled-executor-services>
            </concurrent>
            <default-bindings context-service="java:jboss/ee/concurrency/context/default" datasource="java:/DataSource" jms-connection-factory="java:jboss/DefaultJMSConnectionFactory" managed-executor-service="java:jboss/ee/concurrency/executor/default" managed-scheduled-executor-service="java:jboss/ee/concurrency/scheduler/default" managed-thread-factory="java:jboss/ee/concurrency/factory/default"/>
        </subsystem>
        <subsystem xmlns="urn:jboss:domain:ee-security:1.0"/>
        <subsystem xmlns="urn:jboss:domain:ejb3:5.0">
            <session-bean>
                <stateless>
                    <bean-instance-pool-ref pool-name="slsb-strict-max-pool"/>
                </stateless>
                <stateful default-access-timeout="5000" cache-ref="simple" passivation-disabled-cache-ref="simple"/>
                <singleton default-access-timeout="5000"/>
            </session-bean>
            <mdb>
                <resource-adapter-ref resource-adapter-name="${ejb.resource-adapter-name:activemq-ra.rar}"/>
                <bean-instance-pool-ref pool-name="mdb-strict-max-pool"/>
            </mdb>
            <entity-bean>
              <optimistic-locking enabled="false" /><!-- for pseudo clustering: set to true -->
            </entity-bean>
            <pools>
                <bean-instance-pools>
                    <strict-max-pool name="slsb-strict-max-pool" derive-size="from-worker-pools" instance-acquisition-timeout="5" instance-acquisition-timeout-unit="MINUTES"/>
                    <strict-max-pool name="mdb-strict-max-pool" derive-size="from-cpu-count" instance-acquisition-timeout="5" instance-acquisition-timeout-unit="MINUTES"/>
                    <strict-max-pool name="startProcess-strict-max-pool" max-pool-size="10" instance-acquisition-timeout="5" instance-acquisition-timeout-unit="MINUTES"/>
                </bean-instance-pools>
            </pools>
            <caches>
                <cache name="simple"/>
                <cache name="distributable" passivation-store-ref="infinispan" aliases="passivating clustered"/>
            </caches>
            <passivation-stores>
                <passivation-store name="infinispan" cache-container="ejb" max-size="10000"/>
            </passivation-stores>
            <async thread-pool-name="default"/>
            <timer-service thread-pool-name="default" default-data-store="default-file-store">
                <data-stores>
                    <file-data-store name="default-file-store" path="timer-service-data" relative-to="jboss.server.data.dir"/>
                </data-stores>
            </timer-service>
            <remote connector-ref="http-remoting-connector" thread-pool-name="default">
                <channel-creation-options>
                    <option name="READ_TIMEOUT" value="${prop.remoting-connector.read.timeout:20}" type="xnio"/>
                    <option name="MAX_OUTBOUND_MESSAGES" value="1234" type="remoting"/>
                </channel-creation-options>
            </remote>
            <thread-pools>
                <thread-pool name="default">
                    <max-threads count="10"/>
                    <keepalive-time time="100" unit="milliseconds"/>
                </thread-pool>
            </thread-pools>
            <default-security-domain value="other"/>
            <default-missing-method-permissions-deny-access value="true"/>
            <statistics enabled="true"/>
            <log-system-exceptions value="true"/>
        </subsystem>
        <subsystem xmlns="urn:jboss:domain:io:3.0">
            <worker name="default" /> <!-- for large systems increase thread count (default: io: cpu*2, task: cpu*16) io-threads="32" task-max-threads="128" -->
            <buffer-pool name="default"/>
        </subsystem>
        <subsystem xmlns="urn:jboss:domain:infinispan:7.0">
            <cache-container name="server" default-cache="default" module="org.wildfly.clustering.server">
                <local-cache name="default">
                    <transaction mode="BATCH"/>
                    <expiration interval="6000" lifespan="10000"/>
                </local-cache>
            </cache-container>
            <cache-container name="web" default-cache="passivation" module="org.wildfly.clustering.web.infinispan">
                <local-cache name="passivation">
                    <locking isolation="REPEATABLE_READ"/>
                    <transaction mode="BATCH"/>
                    <object-memory size="10000"/> <!-- PER-1902 ISPN000152 -->
                    <file-store passivation="true" purge="false"/>
                </local-cache>
            </cache-container>
            <cache-container name="ejb" aliases="sfsb" default-cache="passivation" module="org.wildfly.clustering.ejb.infinispan">
                <local-cache name="passivation">
                    <locking isolation="REPEATABLE_READ"/>
                    <transaction mode="BATCH"/><!-- for pseudo clustering: set to NONE -->
                    <object-memory size="10000"/> <!-- PER-1902 ISPN000152 -->
                    <file-store passivation="true" purge="false"/>
                </local-cache>
            </cache-container>
            <cache-container name="hibernate" module="org.infinispan.hibernate-cache">
                <local-cache name="entity">
                    <transaction mode="NON_XA"/>
                    <object-memory size="10000"/> 
                    <expiration max-idle="100000"/>
                    <!-- <expiration lifespan="12000"/> for pseudo clustering: replace entry above -->
                </local-cache>
                <local-cache name="local-query">
                    <object-memory size="10000"/>
                    <expiration max-idle="100000"/>
                    <!-- <expiration lifespan="12000"/> for pseudo clustering: replace entry above -->
                </local-cache>
                <local-cache name="timestamps"/>
            </cache-container>
            <cache-container name="aconso" default-cache="documentCache" module="com.aconso.wildfly" statistics-enabled="true">
                <local-cache name="documentCache">
                    <transaction mode="NONE"/>
                    <object-memory size="5000"/>
                    <expiration lifespan="3600000"/><!-- TODO: lifespan/max-idle + value -->
                </local-cache>
                <local-cache name="templateCache">
                    <transaction mode="NONE"/>
                    <object-memory size="10000"/>
                    <expiration max-idle="3600000"/><!-- TODO: lifespan/max-idle + value -->
                </local-cache>
            </cache-container>
        </subsystem>
        <subsystem xmlns="urn:jboss:domain:jca:5.0">
            <archive-validation enabled="true" fail-on-error="true" fail-on-warn="false"/>
            <bean-validation enabled="true"/>
            <default-workmanager>
                <short-running-threads>
                    <core-threads count="50"/>
                    <queue-length count="50"/>
                    <max-threads count="50"/>
                    <keepalive-time time="10" unit="seconds"/>
                </short-running-threads>
                <long-running-threads>
                    <core-threads count="50"/>
                    <queue-length count="50"/>
                    <max-threads count="50"/>
                    <keepalive-time time="10" unit="seconds"/>
                </long-running-threads>
            </default-workmanager>
            <cached-connection-manager/>
        </subsystem>
        <subsystem xmlns="urn:jboss:domain:jmx:1.3">
            <expose-resolved-model/>
            <expose-expression-model/>
            <remoting-connector use-management-endpoint="false"/>
        </subsystem>
        <subsystem xmlns="urn:jboss:domain:jpa:1.1">
            <jpa default-datasource="" default-extended-persistence-inheritance="DEEP"/>
        </subsystem>
        <subsystem xmlns="urn:jboss:domain:mail:3.0">
            <mail-session name="DefaultMail" from="nobody@nosuchhost.nosuchdomain.com" jndi-name="java:/Mail" debug="false">
                <smtp-server password="changeit" username="nobody" outbound-socket-binding-ref="mail-smtp" ssl="true"/>
                <!--pop3-server outbound-socket-binding-ref="mail-pop3"/-->
            </mail-session>
        </subsystem>
        <subsystem xmlns="urn:jboss:domain:messaging-activemq:3.0">
            <server name="default">
                <security-setting name="#">
                    <role name="guest" delete-non-durable-queue="true" create-non-durable-queue="true" consume="true" send="true"/>
                </security-setting>
                <address-setting name="#" message-counter-history-day-limit="10" page-size-bytes="2097152" max-size-bytes="10485760" expiry-address="jms.queue.ExpiryQueue" dead-letter-address="jms.queue.DLQ" max-delivery-attempts="10" redelivery-delay="10000" redelivery-multiplier="1.0" />
                <in-vm-connector name="in-vm" server-id="0">
                    <param name="buffer-pooling" value="false"/>
                </in-vm-connector>
                <in-vm-acceptor name="in-vm" server-id="0">
                    <param name="buffer-pooling" value="false"/>
                </in-vm-acceptor>
                <jms-queue name="ExpiryQueue" entries="java:/jms/queue/ExpiryQueue"/>
                <jms-queue name="DLQ" entries="java:/jms/queue/DLQ"/>
                <jms-queue name="CreateSerialletterQueue" entries="/queue/CreateSerialletterQueue"/>
                <jms-queue name="StartProcessQueue" entries="/queue/StartProcessQueue"/>
                <jms-queue name="EndProcessQueue" entries="/queue/EndProcessQueue"/>
                <jms-queue name="FinalizeSerialLetterQueue" entries="/queue/FinalizeSerialLetterQueue"/>
                <jms-queue name="ConverterQueue" entries="/queue/ConverterQueue"/>
                <jms-queue name="CreatorMessageQueue" entries="/queue/CreatorMessageQueue"/>
                <jms-queue name="SchedulerMessageQueue" entries="/queue/SchedulerMessageQueue"/>
                <jms-queue name="PrintDocumentQueue" entries="/queue/PrintDocumentQueue"/>
                <jms-queue name="NotificationQueue" entries="java:/queue/NotificationQueue"/>
                <jms-queue name="DocumentQueue" entries="java:/jms/DocumentQueue"/>
                <jms-queue name="ProcessMessageQueue" entries="java:/jms/ProcessMessageQueue"/>
                <jms-queue name="ExcelExportQueue" entries="java:/jms/ExcelExportQueue"/>
                <jms-queue name="Creator2SerialletterQueue" entries="java:/jms/Creator2SerialletterQueue"/>
                <connection-factory name="InVmConnectionFactory" entries="java:/ConnectionFactory" connectors="in-vm"/>
                <pooled-connection-factory name="activemq-ra" transaction="xa" entries="java:/JmsXA java:jboss/DefaultJMSConnectionFactory" connectors="in-vm"/>
            </server>
        </subsystem>
        <subsystem xmlns="urn:jboss:domain:naming:2.0">
            <remote-naming/>
        </subsystem>
        <subsystem xmlns="urn:jboss:domain:remoting:4.0">
            <http-connector name="http-remoting-connector" connector-ref="remote" security-realm="AconsoRemoteServerRealm"/>
        </subsystem>
        <subsystem xmlns="urn:jboss:domain:resource-adapters:5.0">
            <resource-adapters>
                <resource-adapter id="archiveConnector" statistics-enabled="true">
                    <archive>
                        aconsoArchiveConnector.rar
                    </archive>
                    <transaction-support>NoTransaction</transaction-support>
                    <connection-definitions>
                        <connection-definition class-name="com.aconso.connectors.archive.spi.ArchiveManagedConnectionFactory" jndi-name="java:global/aconsoImportConnector" enabled="true" connectable="false" use-java-context="true" pool-name="aconsoImportConnector" use-ccm="true" sharable="true" enlistment="true">
                            <pool>
                                <min-pool-size>0</min-pool-size>
                                <max-pool-size>100</max-pool-size>
                                <prefill>false</prefill>
                                <use-strict-min>false</use-strict-min>
                                <flush-strategy>FailingConnectionOnly</flush-strategy>
                            </pool>
                            <security>
                                <application/>
                            </security>
                            <timeout>
                                <blocking-timeout-millis>5000</blocking-timeout-millis>
                                <idle-timeout-minutes>15</idle-timeout-minutes>
                            </timeout>
                            <validation>
                                <use-fast-fail>false</use-fast-fail>
                                <validate-on-match>false</validate-on-match>
                            </validation>
                        </connection-definition>
                        <connection-definition class-name="com.aconso.connectors.archive.spi.ArchiveManagedConnectionFactory" jndi-name="java:global/aconsoConnectorCreator" enabled="true" connectable="false" use-java-context="true" pool-name="aconsoConnectorCreator" use-ccm="true" sharable="true" enlistment="true">
                            <pool>
                                <min-pool-size>0</min-pool-size>
                                <max-pool-size>100</max-pool-size>
                                <prefill>false</prefill>
                                <use-strict-min>false</use-strict-min>
                                <flush-strategy>FailingConnectionOnly</flush-strategy>
                            </pool>
                            <security>
                                <application/>
                            </security>
                            <timeout>
                                <blocking-timeout-millis>5000</blocking-timeout-millis>
                                <idle-timeout-minutes>15</idle-timeout-minutes>
                            </timeout>
                            <validation>
                                <use-fast-fail>false</use-fast-fail>
                                <validate-on-match>false</validate-on-match>
                            </validation>
                        </connection-definition>
                        <connection-definition class-name="com.aconso.connectors.archive.spi.ArchiveManagedConnectionFactory" jndi-name="java:global/aconsoConnectorMap" enabled="true" connectable="false" use-java-context="true" pool-name="aconsoConnectorMap" use-ccm="true" sharable="true" enlistment="true">
                            <pool>
                                <min-pool-size>0</min-pool-size>
                                <max-pool-size>100</max-pool-size>
                                <prefill>false</prefill>
                                <use-strict-min>false</use-strict-min>
                                <flush-strategy>FailingConnectionOnly</flush-strategy>
                            </pool>
                            <security>
                                <application/>
                            </security>
                            <timeout>
                                <blocking-timeout-millis>5000</blocking-timeout-millis>
                                <idle-timeout-minutes>15</idle-timeout-minutes>
                            </timeout>
                            <validation>
                                <use-fast-fail>false</use-fast-fail>
                                <validate-on-match>false</validate-on-match>
                            </validation>
                        </connection-definition>
                        <connection-definition class-name="com.aconso.connectors.archive.spi.ArchiveManagedConnectionFactory" jndi-name="java:global/aconsoConnector" enabled="true" connectable="false" use-java-context="true" pool-name="aconsoConnector" use-ccm="true" sharable="true" enlistment="true">
                            <pool>
                                <min-pool-size>0</min-pool-size>
                                <max-pool-size>100</max-pool-size>
                                <prefill>false</prefill>
                                <use-strict-min>false</use-strict-min>
                                <flush-strategy>FailingConnectionOnly</flush-strategy>
                            </pool>
                            <security>
                                <application/>
                            </security>
                            <timeout>
                                <blocking-timeout-millis>5000</blocking-timeout-millis>
                                <idle-timeout-minutes>15</idle-timeout-minutes>
                            </timeout>
                            <validation>
                                <use-fast-fail>false</use-fast-fail>
                                <validate-on-match>false</validate-on-match>
                            </validation>
                        </connection-definition>
                    </connection-definitions>
                </resource-adapter>
                <!-- for ACSAP / aconsoSAP: uncomment 
              <resource-adapter id="acsap" statistics-enabled="true">
                <archive>acsap.rar</archive>
                <transaction-support>NoTransaction</transaction-support>
                <connection-definitions>
                  <connection-definition class-name="com.aconso.sapinterop.jco.spi.SAPJCoManagedConnectionFactory" jndi-name="java:/aconsoSAP" enabled="true" connectable="false" use-java-context="true" pool-name="aconsoSAP" use-ccm="true" sharable="true" enlistment="true">
                    <pool>
                      <min-pool-size>0</min-pool-size>
                      <max-pool-size>10</max-pool-size>
                      <prefill>false</prefill>
                      <use-strict-min>false</use-strict-min>
                      <flush-strategy>FailingConnectionOnly</flush-strategy>
                    </pool>
                    <security>
                      <application/>
                    </security>
                    <timeout>
                      <blocking-timeout-millis>50000</blocking-timeout-millis>
                      <idle-timeout-minutes>15</idle-timeout-minutes>
                    </timeout>
                    <validation>
                      <use-fast-fail>false</use-fast-fail>
                      <validate-on-match>false</validate-on-match>
                    </validation>
                  </connection-definition>
                </connection-definitions>
              </resource-adapter>
                -->
            </resource-adapters>
        </subsystem>
        <subsystem xmlns="urn:jboss:domain:sar:1.0"/>
        <subsystem xmlns="urn:jboss:domain:security:2.0">
            <security-domains>
                <security-domain name="other" cache-type="default">
                    <authentication>
                        <login-module code="Remoting" flag="optional">
                            <module-option name="password-stacking" value="useFirstPass"/>
                        </login-module>
                        <login-module code="RealmDirect" flag="required">
                            <module-option name="password-stacking" value="useFirstPass"/>
                        </login-module>
                    </authentication>
                </security-domain>
                <security-domain name="jboss-web-policy" cache-type="default">
                    <authorization>
                        <policy-module code="Delegating" flag="required"/>
                    </authorization>
                </security-domain>
                <security-domain name="jboss-ejb-policy" cache-type="default">
                    <authorization>
                        <policy-module code="Delegating" flag="required"/>
                    </authorization>
                </security-domain>
                <security-domain name="aconsoDbRealm" cache-type="default">
                    <authentication>
                        <login-module code="com.aconso.jboss.security.ObfuscatedIdentityLoginModule" flag="required" module="com.aconso.wildfly">
                            <module-option name="principal" value="aconso"/>
                            <module-option name="userName" value="aconso"/>
                            <module-option name="password" value="AOP:MGthdDBqOTQwaWF6MGhhZTBnOXYwZjh6MGU5ZTBkYXIyNzM="/>
                        </login-module>
                    </authentication>
                </security-domain>
                <security-domain name="DashboardRealm" cache-type="default">
                    <authentication>
                        <login-module code="com.aconso.jboss.security.ObfuscatedIdentityLoginModule" flag="required" module="com.aconso.wildfly">
                            <module-option name="userName" value="dashboard"/>
                            <module-option name="principal" value="dashboard"/>
                            <module-option name="password" value="AOP:MDM0aTAxNGgwejV4MHg2ODB2NmIwdDVkMHI1eDBwNmIwbjV1MGw2ODBqNXYwaDYxMGY2YzBkNXUwYjV4MTEz"/>
                        </login-module>
                    </authentication>
                </security-domain>
                <security-domain name="SPNEGO" cache-type="default">  
                  <authentication>
                    <login-module code="Disabled" flag="required"/>
                  </authentication>
                  <authorization> 
                    <policy-module code="org.jboss.security.authorization.modules.AllDenyAuthorizationModule" flag="required"/> 
                  </authorization> 
                </security-domain>  
            </security-domains>
        </subsystem>
        <subsystem xmlns="urn:jboss:domain:security-manager:1.0">
            <deployment-permissions>
                <maximum-set>
                    <permission class="java.security.AllPermission"/>
                </maximum-set>
            </deployment-permissions>
        </subsystem>
        <subsystem xmlns="urn:jboss:domain:transactions:5.0">
            <core-environment node-identifier="localhost"><!-- for pseudo clustering: node-identifier must be unique -->
                <process-id>
                    <uuid/>
                </process-id>
            </core-environment>
            <recovery-environment socket-binding="txn-recovery-environment" status-socket-binding="txn-status-manager"/>
            <coordinator-environment statistics-enabled="true" default-timeout="300" maximum-timeout="86400"/>
            <object-store path="tx-object-store" relative-to="jboss.server.data.dir"/>
        </subsystem>
        <subsystem xmlns="urn:jboss:domain:undertow:7.0" default-server="default-server" default-virtual-host="default-host" default-servlet-container="default" default-security-domain="other">
            <buffer-cache name="default"/>
            <server name="default-server">
                <!--<ajp-listener name="ajp" socket-binding="ajp" max-post-size="1048576000" record-request-start-time="true" />--> <!-- Uncomment for activating ajp -->
                <http-listener name="remote" socket-binding="remoting" enable-http2="true"/>
                <https-listener 
                  name="httpsServer" 
                  disallowed-methods="TRACE TRACK OPTIONS" 
                  enable-http2="true" 
                  max-post-size="20971520" 
                  ssl-context="httpsSSLContext"
                  socket-binding="https"
                  record-request-start-time="true" />

                <https-listener 
                  name="httpsServerLocal" 
                  disallowed-methods="TRACE TRACK OPTIONS" 
                  enable-http2="true" 
                  max-post-size="20971520" 
                  ssl-context="httpsLocalSSLContext"
                  socket-binding="https-local"
                  record-request-start-time="true"/>
                <host name="default-host" alias="localhost">
                    <access-log prefix="request." directory="${aconso.web.log}" pattern="%t %h %l %u %r %s %b %D"/>
                    <filter-ref name="limit-connections"/>
                </host>
            </server>
            <servlet-container name="default">
                <session-cookie http-only="true" secure="true"/>
                <jsp-config x-powered-by="false"/>
            </servlet-container>
            <filters>
                <request-limit name="limit-connections" queue-size="150" max-concurrent-requests="150"/>
            </filters>
        </subsystem>
        <subsystem xmlns="urn:jboss:domain:weld:4.0"/>
        <subsystem xmlns="urn:wildfly:elytron:4.0" disallowed-providers="OracleUcrypto">
            <tls>
                <key-stores>
                    <key-store name="httpsKeyStore">
                        <credential-reference clear-text="changeit"/>
                        <implementation type="JKS"/>
                        <file path="${aconso.ssl.keystore}" relative-to="jboss.server.config.dir"/>
                    </key-store>
                    <key-store name="httpsLocalKeyStore">
                        <credential-reference clear-text="changeit"/>
                        <implementation type="JKS"/>
                        <file path="keystore.localhost" relative-to="jboss.server.config.dir"/>
                    </key-store> 
                    <!--for httpsServerCert: uncomment -->
                    <!-- <key-store name="httpsTrustStore">
              				<credential-reference clear-text="/server/management/security-realms/security-realm[@name='AconsoWebServerClientcertificatesRealm']/authentication/truststore/@keystore-password"/>
              				<implementation type="JKS"/>
              				<file path="/server/management/security-realms/security-realm[@name='AconsoWebServerClientcertificatesRealm']/authentication/truststore/@path"/>
              			</key-store> -->
                </key-stores>
                <key-managers>
                    <key-manager key-store="httpsKeyStore" name="httpsKeyManager">
                        <credential-reference clear-text="changeit"/>
                    </key-manager>
                    <key-manager key-store="httpsLocalKeyStore" name="httpsLocalKeyManager" alias-filter="localhost">
                        <credential-reference clear-text="changeit"/>
                    </key-manager>
                </key-managers>
                <trust-managers>
                    <!--for httpsServerCert: uncomment -->
                    <!-- <trust-manager name="httpsTrustManager" key-store="httpsTrustStore"/> -->
                </trust-managers>
                <server-ssl-contexts>
                    <server-ssl-context
                        name="httpsSSLContext" 
                        cipher-suite-filter="
                          TLS_ECDHE_RSA_WITH_AES_256_GCM_SHA384, 
                          TLS_ECDHE_RSA_WITH_AES_256_CBC_SHA384, 
                          TLS_ECDHE_RSA_WITH_AES_256_CBC_SHA, 
                          TLS_ECDHE_RSA_WITH_AES_128_GCM_SHA256, 
                          TLS_ECDHE_RSA_WITH_3DES_EDE_CBC_SHA, 
                          TLS_RSA_WITH_AES_128_CBC_SHA, 
                          SSL_RSA_WITH_3DES_EDE_CBC_SHA"
                        key-manager="httpsKeyManager" 
                        protocols="TLSv1 TLSv1.1 TLSv1.2"/>

                    <server-ssl-context 
                        name="httpsLocalSSLContext" 
                        cipher-suite-filter="
                          TLS_ECDHE_RSA_WITH_AES_256_GCM_SHA384, 
                          TLS_ECDHE_RSA_WITH_AES_256_CBC_SHA384, 
                          TLS_ECDHE_RSA_WITH_AES_256_CBC_SHA, 
                          TLS_ECDHE_RSA_WITH_AES_128_GCM_SHA256, 
                          TLS_ECDHE_RSA_WITH_3DES_EDE_CBC_SHA, 
                          TLS_RSA_WITH_AES_128_CBC_SHA, 
                          SSL_RSA_WITH_3DES_EDE_CBC_SHA" 
                        key-manager="httpsLocalKeyManager" 
                        protocols="TLSv1 TLSv1.1 TLSv1.2"/>
                    <!-- <server-ssl-context name="httpsCertSSLContext" authentication-optional="{true for REQUESTED, otherwise leave out}" cipher-suite-filter="{comma separated list of cipher suites}" key-manager="httpsKeyManager" need-client-auth="{true for REQUIRED, false for REQUESTED}" protocols="@{space separated list of protocols}" trust-manager="httpsTrustManager" want-client-auth="{true for REQUESTED, otherwise leave out}"/> -->
                </server-ssl-contexts>
            </tls>
        </subsystem>
    </profile>

    <interfaces>
        <interface name="public">
            <inet-address value="${jboss.bind.address:0.0.0.0}"/>
        </interface>
        <interface name="local">
            <inet-address value="${jboss.bind.address:127.0.0.1}"/>
        </interface>
    </interfaces>
    
    <socket-binding-group name="standard-sockets" default-interface="public" port-offset="${jboss.socket.binding.port-offset:0}">
        <socket-binding name="remoting" interface="local" port="4447"/>
        <!-- Uncomment for activating ajp -->
        <!--
        <socket-binding name="ajp" port="${jboss.ajp.port:8009}"/>
        -->
        <socket-binding name="https" port="${aconso.ssl.port}"/>
        <socket-binding name="https-local" interface="local" port="${aconso.local.port}"/>
        <socket-binding name="iiop" interface="local" port="3528"/>
        <socket-binding name="iiop-ssl" interface="local" port="3529"/>
        <socket-binding name="txn-recovery-environment" port="4712"/>
        <socket-binding name="txn-status-manager" port="4713"/>
        <outbound-socket-binding name="mail-smtp" source-port="0" fixed-source-port="false">
            <remote-destination host="smtp_server_address" port="25"/>
        </outbound-socket-binding>
        
        <!--outbound-socket-binding name="mail-pop3" source-port="0" fixed-source-port="false">
            <remote-destination host="pop_server_address" port="110"/>
        </outbound-socket-binding-->
        
    </socket-binding-group>

</server>
