<?xml version="1.0" encoding="UTF-8"?>
<!--DOCTYPE aconso:webUIConfig SYSTEM "file:/D:/Projekte/XML/DTD/webUIConfig.dtd"-->
<aconso:schedulerConfig xmlns:aconso="http://localhost/consenso/ns/schedulerConfig/">
<!--
Scheduler Tasks

Here is how the TaskTimes break down:

Field 1  |  Field 2  |  Field 3       |  Field 4  |  Field 5
Minutes  |  Hours    |  Day of Month  |  Month    |  Day of Week
(0-59)   |  (0-23)   |  (1-31)        |  (1-12)   |  (1-7)

You can enter a number in the field, a range of numbers, or an * to indicate all.
Here are a few more examples.  These examples use the ls command, which would be
pretty useless.  Note the time that it runs, though.

    0  1 * * 1-5   ls  (this would run every Monday-Friday at 1am)
    0  1 * * 1,3,5 ls  (this would run every Monday, Wednesday and Friday at 1am)
    10 2 1 * *     ls  (this would run at 2:10am on the first of every month)
    0  1 1 1 *     ls  (this would run at 1am on January 1 every year)

-->
	<!-- convertRightProperties -->
	<!--
	<aconso:SchedulerTask>
		<aconso:TaskName>convertRightProperties</aconso:TaskName>
		<aconso:Description>convertRightProperties</aconso:Description>
		<aconso:TaskTimes></aconso:TaskTimes>
		<aconso:ObjectRef>aconso/framework/AuthManager</aconso:ObjectRef>
		<aconso:FunctionRef>convertRightGroupProperties</aconso:FunctionRef>
	</aconso:SchedulerTask>
	-->

</aconso:schedulerConfig>
