<?xml version="1.0" encoding="UTF-8"?>
<!-- Mit XMLSpy v2021 (x64) (http://www.altova.com) von Oliver Blaettler (Plan A Consulting GmbH) bearbeitet -->
<!--DOCTYPE aconso:webUIConfig SYSTEM "file:/D:/Projekte/XML/DTD/webUIConfig.dtd"-->
<aconso:schedulerConfig xmlns:aconso="http://localhost/consenso/ns/schedulerConfig/">
	<!--
Scheduler Tasks

Here is how the TaskTimes break down:

Field 1  |  Field 2  |  Field 3       |  Field 4  |  Field 5
Minutes  |  Hours    |  Day of Month  |  Month    |  Day of Week
(0-59)   |  (0-23)   |  (1-31)        |  (1-12)   |  (1-7)

You can enter a number in the field, a range of numbers, or an * to indicate all.
Here are a few more examples.  These examples use the ls command, which would be
pretty useless.  Note the time that it runs, though.

    0  1 * * 1-5   ls  (this would run every Monday-Friday at 1am)
    0  1 * * 1,3,5 ls  (this would run every Monday, Wednesday and Friday at 1am)
    10 2 1 * *     ls  (this would run at 2:10am on the first of every month)
    0  1 1 1 *     ls  (this would run at 1am on January 1 every year)

-->
	<!-- convertRightProperties -->
	<!--
	<aconso:SchedulerTask>
		<aconso:TaskName>convertRightProperties</aconso:TaskName>
		<aconso:Description>convertRightProperties</aconso:Description>
		<aconso:TaskTimes></aconso:TaskTimes>
		<aconso:ObjectRef>aconso/framework/AuthManager</aconso:ObjectRef>
		<aconso:FunctionRef>convertRightGroupProperties</aconso:FunctionRef>
	</aconso:SchedulerTask>
	-->
	<aconso:SchedulerTask>
		<aconso:TaskName>importStamm</aconso:TaskName>
		<aconso:Description>PWC PA Stammdaten importieren</aconso:Description>
		<aconso:Mandant>pwc</aconso:Mandant>
		<aconso:TaskTimes>45 3,12 * * *</aconso:TaskTimes>
		<aconso:ObjectRef>aconso/framework/PersManager</aconso:ObjectRef>
		<aconso:FunctionRef>importUserData</aconso:FunctionRef>
		<aconso:property>
			<aconso:key>mandant</aconso:key>
			<aconso:value>pwc</aconso:value>
		</aconso:property>
		<aconso:property>
			<aconso:key>importFile</aconso:key>
			<aconso:value>E:/aconso/import/stammdaten/import_stamm.csv</aconso:value>
		</aconso:property>
		<aconso:property>
			<aconso:key>backupDir</aconso:key>
			<aconso:value>E:/aconso/import/stammdaten/backup</aconso:value>
		</aconso:property>
		<aconso:property>
			<aconso:key>backupPattern</aconso:key>
			<aconso:value>'import_stamm_'yyyyMMdd'_'HHmm</aconso:value>
		</aconso:property>
		<aconso:property>
			<aconso:key>charsetName</aconso:key>
			<aconso:value>UTF-8</aconso:value>
		</aconso:property>
	</aconso:SchedulerTask>
	<aconso:SchedulerTask>
		<aconso:TaskName>updateOrgUserGroups</aconso:TaskName>
		<aconso:Description>PWC PA UserGruppen updaten</aconso:Description>
		<aconso:Mandant>pwc</aconso:Mandant>
		<aconso:TaskTimes>30 10,12,15,20 * * *</aconso:TaskTimes>
		<aconso:ObjectRef>aconso/framework/OrgManager</aconso:ObjectRef>
		<aconso:FunctionRef>updateOrgUserGroups</aconso:FunctionRef>
		<aconso:property>
			<aconso:key>mandant</aconso:key>
			<aconso:value>pwc</aconso:value>
		</aconso:property>
	</aconso:SchedulerTask>
	<aconso:SchedulerTask>
		<aconso:TaskName>archive.pa.completeness check</aconso:TaskName>
		<aconso:Mandant>pwc</aconso:Mandant>
		<aconso:Description>Ausgabe aller unvollständigen Akten</aconso:Description>
		<aconso:TaskTimes>10 0 1 * *</aconso:TaskTimes>
		<aconso:ObjectRef>aconso/report/ReportManager</aconso:ObjectRef>
		<aconso:FunctionRef>generateReport</aconso:FunctionRef>
		<aconso:property>
			<aconso:key>mandant</aconso:key>
			<aconso:value>pwc</aconso:value>
		</aconso:property>
		<aconso:property>
			<aconso:key>ReportID</aconso:key>
			<aconso:value>1_completeness_check</aconso:value>
		</aconso:property>
		<aconso:property>
			<aconso:key>ActionID</aconso:key>
			<aconso:value>static_speichern_doc_check</aconso:value>
		</aconso:property>
		<aconso:property>
			<aconso:key>_OPTION_export_formats</aconso:key>
			<aconso:value>export_csv</aconso:value>
		</aconso:property>
	</aconso:SchedulerTask>
	<aconso:SchedulerTask>
		<aconso:TaskName>archive.pa.completeness check</aconso:TaskName>
		<aconso:Mandant>pwc</aconso:Mandant>
		<aconso:Description>Ausgabe aller unvollständigen Akten</aconso:Description>
		<aconso:TaskTimes>10 0 1 * *</aconso:TaskTimes>
		<aconso:ObjectRef>aconso/report/ReportManager</aconso:ObjectRef>
		<aconso:FunctionRef>generateReport</aconso:FunctionRef>
		<aconso:property>
			<aconso:key>mandant</aconso:key>
			<aconso:value>pwc</aconso:value>
		</aconso:property>
		<aconso:property>
			<aconso:key>ReportID</aconso:key>
			<aconso:value>searchIncompleteDocTypes</aconso:value>
		</aconso:property>
		<aconso:property>
			<aconso:key>ActionID</aconso:key>
			<aconso:value>static_speichern_doc_check</aconso:value>
		</aconso:property>
		<aconso:property>
			<aconso:key>_OPTION_export_formats</aconso:key>
			<aconso:value>export_csv_visible_only</aconso:value>
		</aconso:property>
	</aconso:SchedulerTask>
	<aconso:SchedulerTask>
		<aconso:TaskName>MIGRATION_TASK_PA</aconso:TaskName>
		<aconso:Description>Migrations-Job</aconso:Description>
		<aconso:TaskTimes/>
		<aconso:ObjectRef>aconso/archive/ArchiveManager</aconso:ObjectRef>
		<aconso:FunctionRef>migrateArchiveFiles</aconso:FunctionRef>
		<aconso:Mandant>pwc</aconso:Mandant>
		<aconso:property>
			<aconso:key>archiveSource</aconso:key>
			<aconso:value>pwc.pa</aconso:value>
		</aconso:property>
		<aconso:property>
			<aconso:key>owner</aconso:key>
			<aconso:value>PWC_PA_MIG</aconso:value>
		</aconso:property>
		<aconso:property>
			<aconso:key>importSize</aconso:key>
			<aconso:value>250000</aconso:value>
		</aconso:property>
		<aconso:property>
			<aconso:key>importErrorsAgain</aconso:key>
			<aconso:value>false</aconso:value>
		</aconso:property>
		<aconso:property>
			<aconso:key>delay</aconso:key>
			<aconso:value>0</aconso:value>
		</aconso:property>
	</aconso:SchedulerTask>
	<aconso:SchedulerTask>
		<aconso:TaskName>archive.pa.update.compensation.statements</aconso:TaskName>
		<aconso:Mandant>pwc</aconso:Mandant>
		<aconso:Description>Compensation Statements von LM zu den Mitarbeitern verschieben</aconso:Description>
		<aconso:ObjectRef>aconso/archive/ArchiveManager</aconso:ObjectRef>
		<aconso:FunctionRef>modifyRegisterDocTypeForDocuments</aconso:FunctionRef>
		<aconso:property>
			<aconso:key>archiveSource</aconso:key>
			<aconso:value>pwc.pa</aconso:value>
		</aconso:property>
		<aconso:property>
			<aconso:key>protocolDateFormat</aconso:key>
			<aconso:value>yyyyMMddHHmmss</aconso:value>
		</aconso:property>
		<aconso:property>
			<aconso:key>protocolDirectory</aconso:key>
			<aconso:value>d:/aconso/log/modify</aconso:value>
		</aconso:property>
		<aconso:property>
			<aconso:key>modifiedFilesProtocolPattern</aconso:key>
			<aconso:value>modifiedDocumentsProtocol_[date].csv</aconso:value>
		</aconso:property>
		<aconso:property>
			<aconso:key>errorProtocolDirectory</aconso:key>
			<aconso:value>d:/aconso/log/modify/error</aconso:value>
		</aconso:property>
		<aconso:property>
			<aconso:key>errorFilesProtocolPattern</aconso:key>
			<aconso:value>errorDocumentsProtocol_[date].csv</aconso:value>
		</aconso:property>
		<aconso:property>
			<aconso:key>srcRegister</aconso:key>
			<aconso:value>LMD</aconso:value>
		</aconso:property>
		<aconso:property>
			<aconso:key>srcDoctype</aconso:key>
			<aconso:value>300</aconso:value>
		</aconso:property>
		<aconso:property>
			<aconso:key>destRegister</aconso:key>
			<aconso:value>DOC</aconso:value>
		</aconso:property>
		<aconso:property>
			<aconso:key>destDoctype</aconso:key>
			<aconso:value>360</aconso:value>
		</aconso:property>
	</aconso:SchedulerTask>
	<aconso:SchedulerTask>
		<aconso:TaskName>pwc.pa.PDF2.importFromFiles</aconso:TaskName>
		<aconso:Mandant>pwc</aconso:Mandant>
		<aconso:Description>PDF Dokument-Import Step 2 (PDF Dokumente archivieren, Übernahme Attribute aus Dateiname)</aconso:Description>
		<aconso:TaskTimes>0,15,30,45 * * * *</aconso:TaskTimes>
		<aconso:ObjectRef>aconso/archive/ArchiveManager</aconso:ObjectRef>
		<aconso:FunctionRef>importScantabDataFromFiles</aconso:FunctionRef>
		<aconso:property>
			<aconso:key>importDir</aconso:key>
			<aconso:value>/aconso/import/pwc.pa/pdf/file</aconso:value>
		</aconso:property>
		<aconso:property>
			<aconso:key>importFile</aconso:key>
			<aconso:value>[IDX1]_[IDX2]_[IDX3]_[IDX4]_[IDX5].pdf</aconso:value>
		</aconso:property>
		<aconso:property>
			<aconso:key>backupDir</aconso:key>
			<aconso:value>/aconso/import/pwc.pa/pdf/temp</aconso:value>
		</aconso:property>
		<aconso:property>
			<aconso:key>createImportedFilesProtocol</aconso:key>
			<aconso:value>true</aconso:value>
		</aconso:property>
		<aconso:property>
			<aconso:key>C_OWNER</aconso:key>
			<aconso:value>IMPORT_PDF_FILES</aconso:value>
		</aconso:property>
		<aconso:property>
			<aconso:key>C_CEARCTYPE</aconso:key>
			<aconso:value>REP_IMPORT_PDF</aconso:value>
		</aconso:property>
		<aconso:property>
			<aconso:key>C_CESERVERNAME</aconso:key>
			<aconso:value>aconso</aconso:value>
		</aconso:property>
		<aconso:property>
			<aconso:key>C_CEUSER</aconso:key>
			<aconso:value>aconso</aconso:value>
		</aconso:property>
		<aconso:property>
			<aconso:key>C_CEDOCTYPE</aconso:key>
			<aconso:value>application/pdf</aconso:value>
		</aconso:property>
		<aconso:property>
			<aconso:key>C_DOCTYPEDESC</aconso:key>
			<aconso:value>PDF-Import</aconso:value>
		</aconso:property>
		<aconso:property>
			<aconso:key>C_DESTARCTYPE</aconso:key>
			<aconso:value>pwc.pa</aconso:value>
		</aconso:property>
		<aconso:property>
			<aconso:key>C_CESCANDATE</aconso:key>
			<aconso:value>01.01.1900</aconso:value>
		</aconso:property>
		<aconso:property>
			<aconso:key>C_SCAN_INDEX</aconso:key>
			<aconso:value>-1</aconso:value>
		</aconso:property>
		<aconso:property>
			<aconso:key>C_STATUS</aconso:key>
			<aconso:value>1</aconso:value>
		</aconso:property>
		<aconso:property>
			<aconso:key>C_CEPAGES</aconso:key>
			<aconso:value>-1</aconso:value>
		</aconso:property>
	</aconso:SchedulerTask>
	<!-- PDF Import Step3 pwc aktivieren -->
	<aconso:SchedulerTask>
		<aconso:TaskName>pwc.pa.PDF3.importCOLD</aconso:TaskName>
		<aconso:Mandant>pwc</aconso:Mandant>
		<aconso:Description>PDF Dokument-Import Step 3 (Plausibilitätsprüfung der Attribute)</aconso:Description>
		<aconso:TaskTimes>5,20,35,50 * * * *</aconso:TaskTimes>
		<aconso:ObjectRef>aconso/archive/ArchiveManager</aconso:ObjectRef>
		<aconso:FunctionRef>importAllDocuments</aconso:FunctionRef>
		<aconso:property>
			<aconso:key>archiveSource</aconso:key>
			<aconso:value>pwc.pa</aconso:value>
		</aconso:property>
		<aconso:property>
			<aconso:key>owner</aconso:key>
			<aconso:value>IMPORT_PDF_FILES</aconso:value>
		</aconso:property>
		<aconso:property>
			<aconso:key>exceptionProtocolFields</aconso:key>
			<aconso:value>CEID|IDX1|IDX2|IDX3|IDX4|IDX5</aconso:value>
		</aconso:property>
		<aconso:property>
			<aconso:key>scantabStatusImported</aconso:key>
			<aconso:value>9</aconso:value>
		</aconso:property>
	</aconso:SchedulerTask>
</aconso:schedulerConfig>
